Sportsgren,Kategori,Form,Sted,Beskrivelse,Medlem2017,Medlem2018,Fans
Tennis,Bold- og ketchersport,Både hold og individuel,Begge,"ketchersport med spil over net, ketcher og tennisbold, single, double",,58146,1000
Fodbold,Bold- og ketchersport,Hold,Udendørs,"boldspil, sport, findes også som motionsfodbold med mindre hold",,329922,4000
Hockey,Bold- og ketchersport,Hold,Begge,"idræt, holdspil med stave og puck",824,,2000
Volleyball,Bold- og ketchersport,Hold,Indendørs,"boldspil, sport, to hold med seks på hver, indendørs i hal",,,900
Bordtennis,Bold- og ketchersport,Både hold og individuel,Indendørs,"batsport, hurtig, konditionskrævende, flere klasser",,,875
Basket ball,Bold- og ketchersport,Hold,Indendørs,"boldspil, sport, for hold, med relativt stor bold og kurv",,,825
Baseball,Bold- og ketchersport,Hold,Udendørs,"sport, med bat og læderbold, minder om rundbold, for hold",,,500
Rugby,Bold- og ketchersport,Hold,Udendørs,"boldspil, sport, fysisk hårdt, men også teknisk krævende spil",,,475
Golf,Præcision og spil,Individuel,Udendørs,"sport med køller/jern/driver og golfbold, udholdhende, power og teknik",,148135,450
Aerobic,"Løb, fitness og styrke",Både hold og individuel,Indendørs,"konditionstræning, i foreninger/centre, international gymnastik sport",,,
Aqua fitness,Vandsport,Både hold og individuel,Indendørs,"motion i vand: Vandaerobic, aqua gym (udstyr) og aqua jogging",,,
Aikido,Kampsport og selvforsvar,Individuel,Indendørs,kampsport / kampkunst – defensiv/ikke aggresiv,,,
Alpin skiløb,Vintersport og is,Individuel,Udendørs,"ski sport og motion, forskellige discipliner (og skityper) (downhill)",,,
Amerikansk fodbold,Bold- og ketchersport,Hold,Udendørs,"boldspil med hård læderbold, fysisk krævende, for hold",,,
Atletik,"Løb, fitness og styrke",Individuel,Udendørs,"sport, mange discipliner, løb, hop, kast, stød",,39684,
Australsk fodbold,Bold- og ketchersport,Hold,Udendørs,"boldspil, 18 spillere, krævende blandingsspil, for hold",,,
Badminton,Bold- og ketchersport,Både hold og individuel,Indendørs,"ketchersport, spil over net, let ketcher/fjerbold, single/double",,92307,
Ballet,"Løb, fitness og styrke",Både hold og individuel,Indendørs,"dans, klassisk, findes også som motion",,,
Beach volley,Bold- og ketchersport,Hold,Udendørs,"boldspil, sport for hold (eller to og to) på sandbane (udendørs)",,,
Billard,Præcision og spil,Individuel,Indendørs,"spil (kaldes også sport), med kø, kugle (r) og/eller kegler, flere discipliner",,,
Bobslæde,Vintersport og is,Både hold og individuel,Udendørs,"vintersport, flere typer (alternativ kælk; også idræt)",,,
Boksning,Kampsport og selvforsvar,Individuel,Indendørs,"kampsport og fysisk træning, kontaktsport; mod modstander",,,
Bowling,Præcision og spil,Både hold og individuel,Indendørs,"idræt, med tung kugle med tre fingerhuller, 10 kegler, på særlige baner",,,
Brydning,Kampsport og selvforsvar,Individuel,Indendørs,"kampsport, individuel; man brydes (speciel disciplin sumobrydning)",,,
Bueskydning,Præcision og spil,Individuel,Begge,"sport, skydning med bue og pil",,,
Capoeira,Kampsport og selvforsvar,Både hold og individuel,Indendørs,brasiliansk kamsport med elementer fra gymnastik og dans,,,
Cheerleading,"Løb, fitness og styrke",Hold,Indendørs,"idræt med dans, gymnastisk og akrobatik",,,
Cricket,Bold- og ketchersport,Hold,Udendørs,"idræt, for hold, med bat og bold, minder om rundbold",,,2500
Curling,Vintersport og is,Hold,Indendørs,"sport, for hold, idræt på is, med to granitsten og kost, teknisk element",942,,
Cykling,"Løb, fitness og styrke",Både hold og individuel,Begge,"sport og motion, mange discipliner; landevej og bane, hold, individuelt",,,
Dans,"Løb, fitness og styrke",Både hold og individuel,Indendørs,"sport og motion, utallige stilarter, standard, latin, disco, moderne",,,
Dart,Præcision og spil,Individuel,Indendørs,"spil (kaldes også sport), med pile og dartskive, teknisk og taktisk element",,,
Duathlon,"Løb, fitness og styrke",Individuel,Udendørs,"idræt, løb, cykling og løb, forskellige distancer",,,
Dykning,Vandsport,Individuel,Begge,"idræt og motion, dykning med ilt, med snorkel og fridykning",,,
Faldskærmsspring,Friluft og motorsport,Individuel,Udendørs,"idræt og motion, flere discipliner/skærme, solo eller tandem",,,
Femkamp,"Løb, fitness og styrke",Individuel,Begge,"konkurrenceidræt; fægtning, svømning, ridebanespring, løb, skydning",65,,
Fitness,"Løb, fitness og styrke",Individuel,Indendørs,"motion og træning, mange stilarter med og uden redskaber, inde og ude",,,
Fitness dance,"Løb, fitness og styrke",Både hold og individuel,Indendørs,"motion, dans mhp. konditionstræning, mange genrer, bl.a. zumba",,,
Floorball,Bold- og ketchersport,Hold,Indendørs,"idræt, holdspil med stave og plastbold",,,
Freestyle skiløb,Vintersport og is,Individuel,Udendørs,ski sport med mange forskellige discipliner med hop og tricks,,,
Fægtning,Kampsport og selvforsvar,Individuel,Indendørs,"europæisk kampsport, teknisk, krævende",,,
Gymnastik,"Løb, fitness og styrke",Både hold og individuel,Indendørs,"sport og motion, 10 forskellige displiner og mange stilarter",,200490,
Hanggliding,Friluft og motorsport,Individuel,Udendørs,"idræt, man flyver med stor drage (kaldes også drageflyvning)",665,,
Håndbold,Bold- og ketchersport,Hold,Indendørs,"boldspil, sport, findes også som motion for voksne Håndbold fitness",,104609,
Indendørs roning,Vandsport,Individuel,Indendørs,ro motion på stationært udstyr; fx Concept 2 (m/konkurrencer),,,
Ishockey,Vintersport og is,Hold,Indendørs,"skøjtesport, høj-intensiv holdsport, korte perioder, med stav og puck",,,
Judo,Kampsport og selvforsvar,Individuel,Indendørs,"kampsport, den milde vej uden slag/spark, med pareringer og holdegreb",,,
Jiu-Jitsu,Kampsport og selvforsvar,Individuel,Indendørs,"kampsport og motion, et våbenløst selvforsvarssystem",,,
Kajak (havkajak),Vandsport,Både hold og individuel,Udendørs,"idræt, lille smal båd med pagaj, motion/naturoplevelser",,,
Kano,Vandsport,Både hold og individuel,Udendørs,"idræt, med fladbundet båd med padler, motion/naturoplevelser",,,
Karate,Kampsport og selvforsvar,Individuel,Indendørs,kampsport (mange forskellige discipliner og stilarter),,,
Kegling / Keglespil,Præcision og spil,Individuel,Indendørs,"idræt, a la bowling, men uden huller i kugle, 9 kegler",,,
Kickboxing,Kampsport og selvforsvar,Individuel,Indendørs,"kampsport, og motion, full contact karate med både spark og slag",,,
Kitesurfing,Vandsport,Individuel,Udendørs,"vandsport, på lille sejlbræt og en styrbar drage, flere stilarter.",,,
Klatring,"Løb, fitness og styrke",Individuel,Begge,"idræt med flere stilarter, indendørs og udendørs",,,
Kunstskøjteløb,Vintersport og is,Individuel,Indendørs,"skøjteløb med koreografi, sport, med gymnastiske elementer",,,
Langrend,Vintersport og is,Individuel,Udendørs,"skisport, med langrendsski og stave, suveræn kredsløbstræning",,,
Løb,"Løb, fitness og styrke",Individuel,Udendørs,"sport og motion (# 1 i DK), mange discipliner, korte og lange distancer",,,
MMA,Kampsport og selvforsvar,Individuel,Indendørs,"kampsport og træning, Mixed Martial Arts, flere teknikker, ottekantet ring",,,
Mini-golf,Præcision og spil,Både hold og individuel,Begge,"idræt og motion, med kølle og bold, teknik og en vis udholdenhed",1,,
Motionsboksning,Kampsport og selvforsvar,Både hold og individuel,Indendørs,"motion, fysisk træning til boksning, oftest uden kamp/kontakt",,,
Motorsport,Friluft og motorsport,Individuel,Udendørs,"sport (ikke motionsform, men man skal være i form til motorsport)",,,
Orientering,"Løb, fitness og styrke",Individuel,Udendørs,"sport, løb og opgaveløsning",,,
Paragliding,Friluft og motorsport,Individuel,Udendørs,"idræt, man flyver med skærm (fx via opdrift ved skrænt)",,,
Parkour,"Løb, fitness og styrke",Individuel,Begge,"motion, freestyle idræt, med elementer fra gymnastik, løb m.m.",,,
Petangue,Præcision og spil,Både hold og individuel,Udendørs,"motion og idræt, spil med middeltung metalkugle (a la boules)",,,
Pole(dance),"Løb, fitness og styrke",Individuel,Indendørs,"motion, blanding af gymnastik og dans (som dans og motion)",,,
Polo,Bold- og ketchersport,Hold,Udendørs,"idræt med hest, hockeylignende spil til hest, for hold, med stab og bold.",,,
Qianball,Bold- og ketchersport,Både hold og individuel,Indendørs,"ketchersport med blanding af badminton, squash og tennis",,,
Ricochet,Bold- og ketchersport,Individuel,Indendørs,"ketchersport, der ligner squash, kort ketcher og bold af gummi",,,
Ridning,Friluft og motorsport,Individuel,Begge,"hestesport og motion, flere discipliner, udendørs og indendørs",,64384,
Roning,Vandsport,Både hold og individuel,Udendørs,"vandsport, mange forskellige klasser, en eller flere i båd",,,
Rope skipping,"Løb, fitness og styrke",Både hold og individuel,Indendørs,"sjip med tricks, et eller flere tove, individuelt og hold, gymnastik",,,
Rulleski løb,"Løb, fitness og styrke",Individuel,Udendørs,"ski motion, løb på rulleski på landevej; fx i skiklubber",,,
Rulleskøjte løb,"Løb, fitness og styrke",Individuel,Udendørs,løb på rulleskøjter eller inline skøjter; 4 hjul på række,,,
Sejlsport og sejlads,Vandsport,Både hold og individuel,Udendørs,"vandsport, mange forskellige klasser og discipliner",,52199,
Skateboarding,"Løb, fitness og styrke",Individuel,Begge,"idræt og motion, action sport med tricks på rullebræt, 4 hjul",,,
Skiskydning (biatlon),Vintersport og is,Individuel,Udendørs,multisport med langrend og præcisionsskydning,,,
Skydning,Præcision og spil,Individuel,Begge,"sport, skydning, flere typer våben",,,
Skøjteløb,Vintersport og is,Individuel,Begge,"hurtigløb på is med særlige hurtigløbs-skøjter, sport",,,
Snowboard,Vintersport og is,Individuel,Udendørs,"skisport på et bredt bræt (nedad, downhill), flere discipliner",,,
Softball,Bold- og ketchersport,Hold,Udendørs,"boldspil, idræt, med bat og læderbold, ligner rundbold",814,,
Spinning,"Løb, fitness og styrke",Både hold og individuel,Indendørs,"motion og træning, intensiv indendørs cykling på stationære cykler",,,
Squash,Bold- og ketchersport,Individuel,Indendørs,"ketcherspil, idræt, hurtigt spil på indendørs baner",,,
SUP,Vandsport,Individuel,Udendørs,"Stand Up Paddling, man står op og padler på et paddle board",,,
Styrkeløft,"Løb, fitness og styrke",Individuel,Indendørs,"træning og sport, individuel; squat, bænkpres og dødløft konkurrence",,,
Svømning,Vandsport,Både hold og individuel,Begge,vandsport (mange forskellige stilarter),,189977,
Taekwondo,Kampsport og selvforsvar,Individuel,Indendørs,"kampsport og kampkunst, kamp- og forsvarsteknikker",,,
Tai Chi,Kampsport og selvforsvar,Individuel,Begge,"kampkunst og aktiv mentaltræning, del af Qi Gong (selvstændig form)",,,
Tikamp,"Løb, fitness og styrke",Individuel,Udendørs,"sport, mangekamp med 10 atletikdiscipliner (løb, spring, stød, kast)",,,
Trampolin,"Løb, fitness og styrke",Individuel,Indendørs,"sport, en gymnastikdisciplin, dyrkes på store eller små trampoliner",,,
Triathlon,"Løb, fitness og styrke",Individuel,Udendørs,"multisport, svømning, cykling, løb: fra sprint- til langdistance",,,
Udspring,Vandsport,Individuel,Indendørs,"vandsport med gymnastiske elementer, 1, 3, 5, 7½, 10 m spring",,,
Vandgymnastik,Vandsport,Både hold og individuel,Indendørs,"motion i vand, elementer fra gymnastik og svømning",,,
Vandpolo,Vandsport,Hold,Indendørs,"Boldspil i vand, sport, minder lidt om håndbold, fysisk intensiv sport",,,
Vandski,Vandsport,Individuel,Udendørs,"Vandsport, på en eller to vandski; slalom, trick og hop. Og wakeboard.",,,
Voltigering,Friluft og motorsport,Både hold og individuel,Begge,"hestesport, blanding af gymnastik, akrobatik og ridning",,,
Vægtløftning,"Løb, fitness og styrke",Individuel,Indendørs,"styrke sport, individuel, træk og stød, teknisk og eksplosivt",,,
Windsurfing,Vandsport,Individuel,Udendørs,"vandsport, på bræt med sejl",,,
Yoga,"Løb, fitness og styrke",Individuel,Indendørs,"motion med flere dimensioner; livsstil, afstressning",,,